﻿<?xml version="1.0" encoding="UTF-8" standalone="yes"?>
<addon id="NETPLAYSERVER.repository" name="NETPLAY repository" version="0.0.2" provider-name="NETPLAY-SE2017">
	<extension point="xbmc.addon.repository" name="NETPLAY Add-on Repository">
		<info compressed="false">http://raw.github.com/NETPLAY-SE2017/NETPLAYSERVER.repository/master/addons.xml</info>
		<checksum>http://raw.github.com/NETPLAY-SE2017/NETPLAYSERVER.repository/master/addons.xml.md5</checksum>
		<datadir zip="true">http://raw.github.com/NETPLAY-SE2017/NETPLAYSERVER.repository/master/repo/</datadir>
	</extension>
	<extension point="xbmc.addon.metadata">
		<summary>NETPLAY Addon</summary>
		<description>...</description>
		<disclaimer></disclaimer>
		<platform>all</platform>
	</extension>
</addon>